﻿Name,Категорія,Status,Created,Організації,Проєкти,Ресурси,⭐ Події,Budget,Date,Координатор програми,Номер проєкту
Пічки,Ініціатива,Done,"January 15, 2023 2:41 PM",Hilti Fund (https://www.notion.so/Hilti-Fund-ccbbe569357f4176b6bdfa8f38274d26?pvs=21),,"Пічка буржуйка (Зелені Кручі) (https://www.notion.so/f4b2753a10d94865b144daecb0fd7a7b?pvs=21), Велосипеди (https://www.notion.so/92ce71787ab240f2a4257cbfac0fcb52?pvs=21)",,,,,
Level Up,Грант,In progress,"January 15, 2023 2:37 PM","LOES (https://www.notion.so/LOES-a7239c2afdfe47c2b5452d99b85dda06?pvs=21), CISU (https://www.notion.so/CISU-33c25f3d135d46608490e9a963e6dc03?pvs=21)",Веломайстерня (https://www.notion.so/54f0ed95eb5248aa8f5b5a456adc4ccd?pvs=21),,,134 316 EUR (1 000 000 DKK),"January 1, 2023","Андрій Аверін (https://www.notion.so/1a6dc7887a184705894fefe727e3a495?pvs=21), Ірина Казакова (https://www.notion.so/7380652e22964b149a37cea84d6fbc00?pvs=21)",
IDPowerment,Грант,Reporting,"January 28, 2023 5:13 PM","LOES (https://www.notion.so/LOES-a7239c2afdfe47c2b5452d99b85dda06?pvs=21), CISU (https://www.notion.so/CISU-33c25f3d135d46608490e9a963e6dc03?pvs=21)",,,"Освіта Дітей у Вінниці  (https://www.notion.so/10c4689b97654931a61bcb9920fc2430?pvs=21), КПС 2022 (https://www.notion.so/2022-4016a5a657454a1e9cce00aed9500f29?pvs=21), Регіональний з‘їзд екопоселень 2022 (https://www.notion.so/2022-3146e60f69c740928195e919fe468db2?pvs=21)",67 160 EUR (500 000 DKK),"September 1, 2022 → April 1, 2023",Ірина Казакова (https://www.notion.so/7380652e22964b149a37cea84d6fbc00?pvs=21),22-4034-CSP-MI
Launch and Thrive - Awakening Ukraine,Грант,Done,"April 28, 2023 3:22 PM","LOES (https://www.notion.so/LOES-a7239c2afdfe47c2b5452d99b85dda06?pvs=21), CISU (https://www.notion.so/CISU-33c25f3d135d46608490e9a963e6dc03?pvs=21)",,,,67 000 EUR (500 000 DKK),"June 17, 2019 → November 16, 2020","Анастасія Волкова (https://www.notion.so/bf7a54e38e404a429a662f5ee54ab731?pvs=21), Ірина Соколова (https://www.notion.so/5feb47154ce742e2a6fc01c8ed86b351?pvs=21)",19-2391-MI-apr
Growing Our New Future,Грант,Done,"April 28, 2023 8:08 PM","LOES (https://www.notion.so/LOES-a7239c2afdfe47c2b5452d99b85dda06?pvs=21), CISU (https://www.notion.so/CISU-33c25f3d135d46608490e9a963e6dc03?pvs=21)",,,,13 400 EUR,"August 1, 2020 → April 1, 2021",Ірина Казакова (https://www.notion.so/7380652e22964b149a37cea84d6fbc00?pvs=21),20-2600-SI-maj
Ecological Communities Protect,Грант,Done,"April 28, 2023 8:11 PM",Fondation de France (https://www.notion.so/Fondation-de-France-fba051e3b0424b3abee75b1963e73f1d?pvs=21),,,,70 000 EUR,"April 1, 2022 → September 30, 2022",Анастасія Волкова (https://www.notion.so/bf7a54e38e404a429a662f5ee54ab731?pvs=21),00127920 / PR-144321
DERF project ‘Ecovillages for Peace’,Грант,Done,"April 28, 2023 8:13 PM","LOES (https://www.notion.so/LOES-a7239c2afdfe47c2b5452d99b85dda06?pvs=21), CISU (https://www.notion.so/CISU-33c25f3d135d46608490e9a963e6dc03?pvs=21)",,,,134 314 EUR,"March 1, 2022 → September 30, 2022","Ірина Казакова (https://www.notion.so/7380652e22964b149a37cea84d6fbc00?pvs=21), Анастасія Волкова (https://www.notion.so/bf7a54e38e404a429a662f5ee54ab731?pvs=21)",22-3852-DERF-RR
"Rehabilitation farm 'Zelenyi Gai', ""Urgent support of the EU for civil society”",Грант,Done,"April 28, 2023 9:46 PM","Initiative center for the promotion of activity and development of the public movement ""Ednannia"" (https://www.notion.so/Initiative-center-for-the-promotion-of-activity-and-development-of-the-public-movement-Ednannia-3d4f327c324e48b696b66723caa65ce2?pvs=21)",,,,,"May 1, 2022 → August 31, 2022",Ірина Казакова (https://www.notion.so/7380652e22964b149a37cea84d6fbc00?pvs=21),
Равлик: зелений шлях до мрії,Грант,Done,"April 28, 2023 9:51 PM",Ізоляція (https://www.notion.so/d43b13a94ecf43f2ac2ee9d506e0f758?pvs=21),,,,3 982 EUR,"July 29, 2022 → October 31, 2022",Ганна Гронська (https://www.notion.so/0b95af517c714c43b60bd349c6f848e3?pvs=21),
Традиційні ремесла як власна справа для екологічних спільнот,Грант,In progress,"April 28, 2023 10:05 PM",Ізоляція (https://www.notion.so/d43b13a94ecf43f2ac2ee9d506e0f758?pvs=21),,,,3 970 EUR,"February 17, 2023",Данило Решта (https://www.notion.so/6c5d7cecb0664b82b2525b9a656533e8?pvs=21),
Спільні простори,,Application,"January 15, 2023 2:21 PM",,"Хостел Зелених Круч (https://www.notion.so/7025f717a59241e7986016c553a9c473?pvs=21), Буша-Толока (https://www.notion.so/6e87a3efb7ed418dafd5d9a052ba6417?pvs=21), Спільний будинок Омелянівка  (https://www.notion.so/66e81d66a9894d018b34eda11b490698?pvs=21)",,,,,,
Зарядні станції,Ініціатива,Done,"January 16, 2023 2:43 PM",Юліан Фрайтаг (https://www.notion.so/502573ab0e9b4325b0f99c6b7ac9743e?pvs=21),Зарядні станції (https://www.notion.so/4589b54fa59d44c4a17b9c5489349bfb?pvs=21),"Зарядна станція Swarey 518 Wh (https://www.notion.so/Swarey-518-Wh-5d29b72e648f4b8997d805a4bd896752?pvs=21), Зарядна станція Swarey 518 Wh (https://www.notion.so/Swarey-518-Wh-802d3fea814c4477a7b9d6b53beffbcc?pvs=21), Зарядна станція Oubo 470 Wh (https://www.notion.so/Oubo-470-Wh-8feeefb1084443bf96826342ac3cb2e3?pvs=21), Зарядна станція Ecoflow 1260 Wh (https://www.notion.so/Ecoflow-1260-Wh-100ae4f1e6db42389999b77a9c0b6e98?pvs=21)",,,,,
Налобні ліхтарики,Ініціатива,Done,"January 16, 2023 3:09 PM","Hilti Fund (https://www.notion.so/Hilti-Fund-ccbbe569357f4176b6bdfa8f38274d26?pvs=21), Новий Маяпур (https://www.notion.so/bea5e6ea72a6498f8920f21542276d49?pvs=21), Чмирівка (https://www.notion.so/1835b15598f4463baa26f12ef68eef44?pvs=21), Семигіря (https://www.notion.so/04ce8e1ed3f04956b040e9bc019fd67b?pvs=21), Цвітне (https://www.notion.so/3c04b4c1626c4831a84b6ab2bc2f9c6c?pvs=21), Зелений гай (https://www.notion.so/493cd1e016b54cedb1c39bceb67738f1?pvs=21)",Налобні ліхтарики (https://www.notion.so/706e774bac24432280998c9d861e6d55?pvs=21),Налобні ліхтарики (https://www.notion.so/67074abd889745178d679eabf579c342?pvs=21),,,,,
Donations,,In progress,"January 28, 2023 4:49 PM",,Теплиці (https://www.notion.so/9d0b9136258b452fb4696a6c631220cb?pvs=21),,,,,,
### Building the Ecovillage Power,Грант,In progress,"July 26, 2023 6:33 PM","CISU (https://www.notion.so/CISU-33c25f3d135d46608490e9a963e6dc03?pvs=21), LOES (https://www.notion.so/LOES-a7239c2afdfe47c2b5452d99b85dda06?pvs=21)",,,,,,,